symbol,fiscalDateEnding,totalRevenue,grossProfit,operatingIncome,netIncome,totalAssets,totalLiabilities,totalShareholderEquity,shortTermDebt,longTermDebt,operatingCashflow,capitalExpenditures,gross_margin,operating_margin,net_profit_margin,total_debt,debt_to_asset_ratio,roe,roa,free_cash_flow,revenue_growth,net_income_growth
AAPL,2006-09-30,19315000000,5598000000,2453000000,1989000000,17205000000,7221000000,9984000000,1515000000.0,,2220000000,657000000,28.98,12.7,10.3,1515000000.0,8.81,19.92,11.56,1563000000,,
AAPL,2007-09-30,24006000000,8154000000,4409000000,3495000000,25347000000,10815000000,14532000000,1805000000.0,,5470000000,735000000,33.97,18.37,14.56,1805000000.0,7.12,24.05,13.79,4735000000,24.29,75.72
AAPL,2008-09-30,32479000000,11145000000,6275000000,4834000000,39572000000,18542000000,21030000000,2507000000.0,,9596000000,1091000000,34.31,19.32,14.88,2507000000.0,6.34,22.99,12.22,8505000000,35.3,38.31
AAPL,2009-09-30,42603000000,16852000000,11370000000,8235000000,53851000000,26019000000,27832000000,1948000000.0,,10159000000,1144000000,39.56,26.69,19.33,1948000000.0,3.62,29.59,15.29,9015000000,31.17,70.36
AAPL,2010-09-30,65225000000,25684000000,18385000000,14013000000,75183000000,27392000000,47791000000,2466000000.0,,18595000000,2005000000,39.38,28.19,21.48,2466000000.0,3.28,29.32,18.64,16590000000,53.1,70.16
AAPL,2011-09-30,108249000000,43818000000,33790000000,25922000000,116371000000,39756000000,76615000000,5606000000.0,,37529000000,4260000000,40.48,31.22,23.95,5606000000.0,4.82,33.83,22.28,33269000000,65.96,84.99
AAPL,2012-09-30,156508000000,68662000000,55241000000,41733000000,176064000000,57854000000,118210000000,6310000000.0,,50856000000,8295000000,43.87,35.3,26.67,6310000000.0,3.58,35.3,23.7,42561000000,44.58,60.99
AAPL,2013-09-30,170910000000,64304000000,48999000000,37037000000,207000000000,83451000000,123549000000,7679000000.0,16960000000.0,53666000000,8165000000,37.62,28.67,21.67,24639000000.0,11.9,29.98,17.89,45501000000,9.2,-11.25
AAPL,2014-09-30,182795000000,70537000000,52503000000,39510000000,231839000000,120292000000,111547000000,6308000000.0,28987000000.0,59713000000,9571000000,38.59,28.72,21.61,35295000000.0,15.22,35.42,17.04,50142000000,6.95,6.68
AAPL,2015-09-30,233715000000,93626000000,71230000000,53394000000,290479000000,171124000000,119355000000,10999000000.0,53463000000.0,81266000000,11247000000,40.06,30.48,22.85,64462000000.0,22.19,44.74,18.38,70019000000,27.86,35.14
AAPL,2016-09-30,215639000000,84263000000,60024000000,45687000000,321686000000,193437000000,128249000000,11605000000.0,75427000000.0,65824000000,12734000000,39.08,27.84,21.19,87032000000.0,27.05,35.62,14.2,53090000000,-7.73,-14.43
AAPL,2017-09-30,229234000000,88186000000,61344000000,48351000000,375319000000,241272000000,134047000000,18473000000.0,97207000000.0,63598000000,12451000000,38.47,26.76,21.09,115680000000.0,30.82,36.07,12.88,51147000000,6.3,5.83
AAPL,2018-09-30,265595000000,101839000000,70898000000,59531000000,365725000000,258578000000,107147000000,20748000000.0,93735000000.0,77434000000,13313000000,38.34,26.69,22.41,114483000000.0,31.3,55.56,16.28,64121000000,15.86,23.12
AAPL,2019-09-30,260174000000,98392000000,63930000000,55256000000,338516000000,248028000000,90488000000,16240000000.0,91807000000.0,69391000000,10495000000,37.82,24.57,21.24,108047000000.0,31.92,61.06,16.32,58896000000,-2.04,-7.18
AAPL,2020-09-30,274515000000,104956000000,66288000000,57411000000,323888000000,258549000000,65339000000,13769000000.0,98667000000.0,80674000000,7309000000,38.23,24.15,20.91,112436000000.0,34.71,87.87,17.73,73365000000,5.51,3.9
AAPL,2021-09-30,365817000000,152836000000,108949000000,94680000000,351002000000,287912000000,63090000000,15613000000.0,109106000000.0,104038000000,11085000000,41.78,29.78,25.88,124719000000.0,35.53,150.07,26.97,92953000000,33.26,64.92
AAPL,2022-09-30,394328000000,170782000000,119437000000,99803000000,352755000000,302083000000,50672000000,21110000000.0,98959000000.0,122151000000,10708000000,43.31,30.29,25.31,120069000000.0,34.04,196.96,28.29,111443000000,7.79,5.41
AAPL,2023-09-30,383285000000,169148000000,114301000000,96995000000,352583000000,290437000000,62146000000,15807000000.0,95281000000.0,110543000000,10959000000,44.13,29.82,25.31,111088000000.0,31.51,156.08,27.51,99584000000,-2.8,-2.81
AAPL,2024-09-30,391035000000,180683000000,123216000000,93736000000,364980000000,308030000000,56950000000,22511000000.0,85750000000.0,118254000000,9447000000,46.21,31.51,23.97,108261000000.0,29.66,164.59,25.68,108807000000,2.02,-3.36
AAPL,2025-09-30,416161000000,195201000000,133050000000,112010000000,359241000000,285508000000,73733000000,22446000000.0,78328000000.0,111482000000,12715000000,46.91,31.97,26.92,100774000000.0,28.05,151.91,31.18,98767000000,6.43,19.5
AMZN,2006-12-31,10711000000,857000000,389000000,190000000,4363000000,3932000000,431000000,,1267000000.0,702000000,216000000,8.0,3.63,1.77,1267000000.0,29.04,44.08,4.35,486000000,,
AMZN,2007-12-31,14835000000,1243000000,655000000,476000000,6485000000,5288000000,1197000000,17000000.0,1344000000.0,1405000000,224000000,8.38,4.42,3.21,1361000000.0,20.99,39.77,7.34,1181000000,38.5,150.53
AMZN,2008-12-31,19166000000,1579000000,842000000,645000000,8314000000,5642000000,2672000000,59000000.0,533000000.0,1697000000,333000000,8.24,4.39,3.37,592000000.0,7.12,24.14,7.76,1364000000,29.19,35.5
AMZN,2009-12-31,24509000000,2239000000,1129000000,902000000,13813000000,8556000000,5257000000,,109000000.0,3293000000,373000000,9.14,4.61,3.68,109000000.0,0.79,17.16,6.53,2920000000,27.88,39.84
AMZN,2010-12-31,34204000000,3011000000,1406000000,1152000000,18797000000,11933000000,6864000000,,641000000.0,3495000000,979000000,8.8,4.11,3.37,641000000.0,3.41,16.78,6.13,2516000000,39.56,27.72
AMZN,2011-12-31,48077000000,3304000000,862000000,631000000,25278000000,17521000000,7757000000,,1415000000.0,3903000000,1811000000,6.87,1.79,1.31,1415000000.0,5.6,8.13,2.5,2092000000,40.56,-45.23
AMZN,2012-12-31,61093000000,4139000000,676000000,-39000000,32555000000,24363000000,8192000000,792000000.0,3084000000.0,4180000000,3785000000,6.77,1.11,-0.06,3876000000.0,11.91,-0.48,-0.12,395000000,27.07,-106.18
AMZN,2013-12-31,74452000000,5121000000,745000000,274000000,40159000000,30413000000,9746000000,753000000.0,3191000000.0,5475000000,3444000000,6.88,1.0,0.37,3944000000.0,9.82,2.81,0.68,2031000000,21.87,-802.56
AMZN,2014-12-31,88988000000,6195000000,178000000,-241000000,54505000000,43764000000,10741000000,1520000000.0,8265000000.0,6842000000,4893000000,6.96,0.2,-0.27,9785000000.0,17.95,-2.24,-0.44,1949000000,19.52,-187.96
AMZN,2015-12-31,107006000000,9405000000,2233000000,596000000,64747000000,51363000000,13384000000,238000000.0,8235000000.0,12039000000,5387000000,8.79,2.09,0.56,8473000000.0,13.09,4.45,0.92,6652000000,20.25,-347.3
AMZN,2016-12-31,135987000000,14018000000,4186000000,2371000000,83402000000,64117000000,19285000000,5197000000.0,7694000000.0,17203000000,7804000000,10.31,3.08,1.74,12891000000.0,15.46,12.29,2.84,9399000000,27.08,297.82
AMZN,2017-12-31,177866000000,65932000000,4106000000,3033000000,131310000000,103601000000,27709000000,6182000000.0,24743000000.0,18365000000,11955000000,37.07,2.31,1.71,30925000000.0,23.55,10.95,2.31,6410000000,30.8,27.92
AMZN,2018-12-31,232887000000,93731000000,12421000000,10073000000,162648000000,119099000000,43549000000,9502000000.0,23495000000.0,30723000000,13427000000,40.25,5.33,4.33,32997000000.0,20.29,23.13,6.19,17296000000,30.93,232.11
AMZN,2019-12-31,280522000000,114986000000,14541000000,11588000000,225248000000,163188000000,62060000000,1307000000.0,23414000000.0,38514000000,16861000000,40.99,5.18,4.13,24721000000.0,10.98,18.67,5.14,21653000000,20.45,15.04
AMZN,2020-12-31,386064000000,152757000000,22899000000,21331000000,321195000000,227791000000,93404000000,16115000000.0,31816000000.0,66064000000,40140000000,39.57,5.93,5.53,47931000000.0,14.92,22.84,6.64,25924000000,37.62,84.08
AMZN,2021-12-31,469822000000,197478000000,24879000000,33364000000,420549000000,282304000000,138245000000,15923000000.0,48744000000.0,46327000000,61053000000,42.03,5.3,7.1,64667000000.0,15.38,24.13,7.93,-14726000000,21.7,56.41
AMZN,2022-12-31,513983000000,225152000000,12248000000,-2722000000,462675000000,316632000000,146043000000,14854000000.0,67150000000.0,46752000000,63645000000,43.81,2.38,-0.53,82004000000.0,17.72,-1.86,-0.59,-16893000000,9.4,-108.16
AMZN,2023-12-31,574785000000,270046000000,36852000000,30425000000,527854000000,325979000000,201875000000,18945000000.0,58314000000.0,84946000000,52729000000,46.98,6.41,5.29,77259000000.0,14.64,15.07,5.76,32217000000,11.83,-1217.74
AMZN,2024-12-31,637959000000,311671000000,68593000000,59248000000,624894000000,338924000000,285970000000,151000000.0,52623000000.0,115877000000,82999000000,48.85,10.75,9.29,52774000000.0,8.45,20.72,9.48,32878000000,10.99,94.73
AMZN,2025-12-31,716924000000,360510000000,79975000000,77670000000,818042000000,406977000000,411065000000,455000000.0,65648000000.0,139514000000,131819000000,50.29,11.16,10.83,66103000000.0,8.08,18.89,9.49,7695000000,12.38,31.09
IBM,2006-12-31,91424000000,38295000000,11929000000,9492000000,103234000000,74728000000,28506000000,8902000000.0,13780000000.0,15019000000,5166000000,41.89,13.05,10.38,22682000000.0,21.97,33.3,9.19,9853000000,,
IBM,2007-12-31,98786000000,41729000000,13516000000,10418000000,120431000000,91961000000,28470000000,12235000000.0,23039000000.0,16089000000,5505000000,42.24,13.68,10.55,35274000000.0,29.29,36.59,8.65,10584000000,8.05,9.76
IBM,2008-12-31,103630000000,45661000000,15939000000,12334000000,109524000000,96059000000,13465000000,11236000000.0,22689000000.0,18812000000,4887000000,44.06,15.38,11.9,33925000000.0,30.97,91.6,11.26,13925000000,4.9,18.39
IBM,2009-12-31,95758000000,43785000000,17012000000,13425000000,109022000000,86267000000,22637000000,4168000000.0,21932000000.0,20773000000,4077000000,45.72,17.77,14.02,26100000000.0,23.94,59.31,12.31,16696000000,-7.6,8.85
IBM,2010-12-31,99871000000,46014000000,19985000000,14833000000,113452000000,90280000000,23046000000,6778000000.0,21846000000.0,19549000000,4754000000,46.07,20.01,14.85,28624000000.0,25.23,64.36,13.07,14795000000,4.3,10.49
IBM,2011-12-31,106916000000,50138000000,21922000000,15855000000,116433000000,96198000000,20138000000,8465000000.0,22857000000.0,19846000000,4667000000,46.89,20.5,14.83,31322000000.0,26.9,78.73,13.62,15179000000,7.05,6.89
IBM,2012-12-31,102874000000,50361000000,22990000000,16604000000,119213000000,100229000000,18860000000,9182000000.0,24088000000.0,19586000000,4717000000,48.95,22.35,16.14,33270000000.0,27.91,88.04,13.93,14869000000,-3.78,4.72
IBM,2013-12-31,98368000000,48684000000,21500000000,16483000000,126223000000,103294000000,22792000000,6863000000.0,32856000000.0,17485000000,4140000000,49.49,21.86,16.76,39719000000.0,31.47,72.32,13.06,13345000000,-4.38,-0.73
IBM,2014-12-31,92793000000,46407000000,20338000000,12022000000,117532000000,105518000000,11868000000,5731000000.0,35073000000.0,16868000000,4183000000,50.01,21.92,12.96,40804000000.0,34.72,101.3,10.23,12685000000,-5.67,-27.06
IBM,2015-12-31,81742000000,40684000000,16508000000,13190000000,110495000000,96071000000,14262000000,6461000000.0,33428000000.0,17255000000,4151000000,49.77,20.2,16.14,39889000000.0,36.1,92.48,11.94,13104000000,-11.91,9.72
IBM,2016-12-31,79920000000,38516000000,14677000000,11872000000,117470000000,99078000000,18246000000,7513000000.0,34655000000.0,17084000000,4150000000,48.19,18.36,14.85,42168000000.0,35.9,65.07,10.11,12934000000,-2.23,-9.99
IBM,2017-12-31,79139000000,36943000000,13139000000,5753000000,125355000000,107631000000,17724000000,6986000000.0,39837000000.0,16724000000,3773000000,46.68,16.6,7.27,46823000000.0,37.35,32.46,4.59,12951000000,-0.98,-51.54
IBM,2018-12-31,79591000000,36936000000,13217000000,8728000000,123382000000,106452000000,16930000000,10207000000.0,35605000000.0,15247000000,3964000000,46.41,16.61,10.97,45812000000.0,37.13,51.55,7.07,11283000000,0.57,51.71
IBM,2019-12-31,57714000000,31533000000,7538000000,9431000000,152186000000,131201000000,20985000000,10177000000.0,54102000000.0,14770000000,2907000000,54.64,13.06,16.34,64279000000.0,42.24,44.94,6.2,11863000000,-27.49,8.05
IBM,2020-12-31,73621000000,35575000000,6895000000,5590000000,155970000000,135245000000,20725000000,8540000000.0,54355000000.0,18197000000,3042000000,48.32,9.37,7.59,62895000000.0,40.33,26.97,3.58,15155000000,27.56,-40.73
IBM,2021-12-31,57351000000,31486000000,6832000000,5742000000,132001000000,113005000000,18996000000,7760000000.0,44917000000.0,12796000000,2381000000,54.9,11.91,10.01,52677000000.0,39.91,30.23,4.35,10415000000,-22.1,2.72
IBM,2022-12-31,60530000000,32687000000,8174000000,1640000000,127243000000,105222000000,21944000000,5634000000.0,46189000000.0,10435000000,1860000000,54.0,13.5,2.71,51823000000.0,40.73,7.47,1.29,8575000000,5.54,-71.44
IBM,2023-12-31,61860000000,34300000000,7514000000,7502000000,135241000000,112628000000,22533000000,7246000000.0,50121000000.0,13432000000,1918000000,55.45,12.15,12.13,57367000000.0,42.42,33.29,5.55,11514000000,2.2,357.44
IBM,2024-12-31,62753000000,35551000000,10074000000,6023000000,137175000000,109782000000,27307000000,5857000000.0,49884000000.0,13445000000,1685000000,56.65,16.05,9.6,55741000000.0,40.63,22.06,4.39,11760000000,1.44,-19.71
IBM,2025-12-31,67536000000,39297000000,12492000000,10593000000,151880000000,119140000000,32648000000,7224000000.0,54836000000.0,13192000000,1617000000,58.19,18.5,15.68,62060000000.0,40.86,32.45,6.97,11575000000,7.62,75.88
JPM,2006-12-31,99864000000,58729000000,19886000000,14444000000,1351520000000,1235730000000,115790000000,181022000000.0,117358000000.0,-49579000000,48799000000,58.81,19.91,14.46,298380000000.0,22.08,12.47,1.07,-98378000000,,
JPM,2007-12-31,116353000000,64508000000,22805000000,15365000000,1562147000000,1438926000000,123221000000,203994000000.0,169182000000.0,-110560000000,76245000000,55.44,19.6,13.21,373176000000.0,23.89,12.47,0.98,-186805000000,16.51,6.38
JPM,2008-12-31,101491000000,46273000000,2773000000,5605000000,2175052000000,2008168000000,166884000000,241583000000.0,234657000000.0,23098000000,195118000000,45.59,2.73,5.52,476240000000.0,21.9,3.36,0.26,-172020000000,-12.77,-63.52
JPM,2009-12-31,115632000000,68419000000,16067000000,10025000000,2031989000000,1866624000000,165365000000,303207000000.0,281543000000.0,121897000000,163596000000,59.17,13.89,8.67,584750000000.0,28.78,6.06,0.49,-41699000000,13.93,78.86
JPM,2010-12-31,115475000000,86055000000,24859000000,16406000000,2117605000000,1941499000000,176106000000,35363000000.0,471484000000.0,-3752000000,27166000000,74.52,21.53,14.21,506847000000.0,23.93,9.32,0.77,-30918000000,-0.14,63.65
JPM,2011-12-31,110838000000,89660000000,26749000000,18197000000,2265792000000,2082219000000,183573000000,51631000000.0,464447000000.0,95932000000,123969000000,80.89,24.13,16.42,516078000000.0,22.78,9.91,0.8,-28037000000,-4.02,10.92
JPM,2012-12-31,108074000000,93646000000,28917000000,20530000000,2359141000000,2155072000000,204069000000,55367000000.0,444133000000.0,25079000000,121477000000,86.65,26.76,19.0,499500000000.0,21.17,10.06,0.87,-96398000000,-2.49,12.82
JPM,2013-12-31,106717000000,97142000000,26675000000,17886000000,2415689000000,2204511000000,211178000000,57848000000.0,455250000000.0,107953000000,158325000000,91.03,25.0,16.76,513098000000.0,21.24,8.47,0.74,-50372000000,-1.26,-12.88
JPM,2014-12-31,103009000000,91973000000,30699000000,21745000000,2572274000000,2340547000000,231727000000,258445000000.0,205177000000.0,36593000000,169212000000,89.29,29.8,21.11,463622000000.0,18.02,9.38,0.85,-132619000000,-3.47,21.58
JPM,2015-12-31,101006000000,89716000000,30702000000,24442000000,2351698000000,2104125000000,247573000000,168240000000.0,168776000000.0,73466000000,0,88.82,30.4,24.2,337016000000.0,14.33,9.87,1.04,73466000000,-1.94,12.4
JPM,2016-12-31,106387000000,91208000000,34536000000,24733000000,2490972000000,2236782000000,254190000000,200109000000.0,175706000000.0,21884000000,0,85.73,32.46,23.25,375815000000.0,15.09,9.73,0.99,21884000000,5.33,1.19
JPM,2017-12-31,114579000000,95415000000,35900000000,24441000000,2533600000000,2277907000000,255693000000,210718000000.0,149744000000.0,-10827000000,0,83.27,31.33,21.33,360462000000.0,14.23,9.56,0.96,-10827000000,7.7,-1.18
JPM,2018-12-31,129824000000,103912000000,40764000000,32474000000,2622532000000,2366017000000,256515000000,251596000000.0,165014000000.0,15614000000,0,80.04,31.4,25.01,416610000000.0,15.89,12.66,1.24,15614000000,13.31,32.87
JPM,2019-12-31,142515000000,110135000000,44866000000,36431000000,2687379000000,2426049000000,261330000000,224595000000.0,137118000000.0,4092000000,0,77.28,31.48,25.56,361713000000.0,13.46,13.94,1.36,4092000000,9.78,12.19
JPM,2020-12-31,129843000000,102471000000,35815000000,29131000000,3384757000000,3105403000000,279354000000,260417000000.0,187759000000.0,-79910000000,0,78.92,27.58,22.44,448176000000.0,13.24,10.43,0.86,-79910000000,-8.89,-20.04
JPM,2021-12-31,127238000000,130905000000,59562000000,48334000000,3743567000000,3449440000000,294127000000,247934000000.0,301005000000.0,78084000000,0,102.88,46.81,37.99,548939000000.0,14.66,16.43,1.29,78084000000,-2.01,65.92
JPM,2022-12-31,153824000000,121392000000,46166000000,37676000000,3665743000000,3373411000000,292332000000,246640000000.0,190586000000.0,107119000000,0,78.92,30.01,24.49,437226000000.0,11.93,12.89,1.03,107119000000,20.89,-22.05
JPM,2023-12-31,236273000000,145670000000,61612000000,49552000000,3875393000000,3547515000000,327878000000,261247000000.0,391825000000.0,12974000000,1291000000,61.65,26.08,20.97,653072000000.0,16.85,15.11,1.28,11683000000,53.6,31.52
JPM,2024-12-31,270789000000,158785000000,75081000000,58471000000,4002814000000,3658056000000,344758000000,361310000000.0,389836000000.0,-42012000000,0,58.64,27.73,21.59,751146000000.0,18.77,16.96,1.46,-42012000000,14.61,18.0
JPM,2025-12-31,279745000000,167607000000,72595000000,57048000000,4424900000000,4062462000000,362438000000,64776000000.0,433970000000.0,100867000000,0,59.91,25.95,20.39,498746000000.0,11.27,15.74,1.29,100867000000,3.31,-2.43
MSFT,2007-06-30,51122000000,40429000000,18438000000,14065000000,63171000000,32074000000,31097000000,2325000000.0,,17796000000,2264000000,79.08,36.07,27.51,2325000000.0,3.68,45.23,22.26,15532000000,,
MSFT,2008-06-30,60420000000,48822000000,22271000000,17681000000,72793000000,36507000000,36286000000,8796000000.0,,21612000000,3182000000,80.8,36.86,29.26,8796000000.0,12.08,48.73,24.29,18430000000,18.19,25.71
MSFT,2009-06-30,58437000000,46282000000,20363000000,14569000000,77888000000,38330000000,39558000000,2000000000.0,3756000000.0,19037000000,3119000000,79.2,34.85,24.93,5756000000.0,7.39,36.83,18.71,15918000000,-3.28,-17.6
MSFT,2010-06-30,62484000000,50089000000,24098000000,18760000000,86113000000,39938000000,46175000000,1000000000.0,4939000000.0,24073000000,1977000000,80.16,38.57,30.02,5939000000.0,6.9,40.63,21.79,22096000000,6.93,28.77
MSFT,2011-06-30,69943000000,54366000000,27161000000,23150000000,108704000000,51621000000,57083000000,5363000000.0,11921000000.0,26994000000,2355000000,77.73,38.83,33.1,17284000000.0,15.9,40.55,21.3,24639000000,11.94,23.4
MSFT,2012-06-30,73723000000,56193000000,21763000000,16978000000,121271000000,54908000000,66363000000,1231000000.0,10713000000.0,31626000000,2305000000,76.22,29.52,23.03,11944000000.0,9.85,25.58,14.0,29321000000,5.4,-26.66
MSFT,2013-06-30,77849000000,57464000000,26764000000,21863000000,142431000000,63487000000,78944000000,2999000000.0,12601000000.0,28833000000,4257000000,73.81,34.38,28.08,15600000000.0,10.95,27.69,15.35,24576000000,5.6,28.77
MSFT,2014-06-30,86833000000,59755000000,27759000000,22074000000,172384000000,82600000000,89784000000,2000000000.0,20645000000.0,32502000000,5485000000,68.82,31.97,25.42,22645000000.0,13.14,24.59,12.81,27017000000,11.54,0.97
MSFT,2015-06-30,93580000000,60542000000,18161000000,12193000000,174472000000,94389000000,80083000000,7484000000.0,27808000000.0,29668000000,5944000000,64.7,19.41,13.03,35292000000.0,20.23,15.23,6.99,23724000000,7.77,-44.76
MSFT,2016-06-30,91154000000,58374000000,26078000000,20539000000,193694000000,121697000000,71997000000,12904000000.0,40783000000.0,33325000000,8343000000,64.04,28.61,22.53,53687000000.0,27.72,28.53,10.6,24982000000,-2.59,68.45
MSFT,2017-06-30,96571000000,62310000000,29025000000,25489000000,241086000000,168692000000,72394000000,10121000000.0,76073000000.0,39507000000,8129000000,64.52,30.06,26.39,86194000000.0,35.75,35.21,10.57,31378000000,5.94,24.1
MSFT,2018-06-30,110360000000,72007000000,35058000000,16571000000,258848000000,176130000000,82718000000,3998000000.0,72242000000.0,43884000000,11632000000,65.25,31.77,15.02,76240000000.0,29.45,20.03,6.4,32252000000,14.28,-34.99
MSFT,2019-06-30,125843000000,82933000000,42959000000,39240000000,286556000000,184226000000,102330000000,5516000000.0,66662000000.0,52185000000,13925000000,65.9,34.14,31.18,72178000000.0,25.19,38.35,13.69,38260000000,14.03,136.8
MSFT,2020-06-30,143015000000,96937000000,52959000000,44281000000,301311000000,183007000000,118304000000,3749000000.0,59578000000.0,60675000000,15441000000,67.78,37.03,30.96,63327000000.0,21.02,37.43,14.7,45234000000,13.65,12.85
MSFT,2021-06-30,168088000000,115856000000,69916000000,61271000000,333779000000,191791000000,141988000000,8072000000.0,50074000000.0,76740000000,20622000000,68.93,41.59,36.45,58146000000.0,17.42,43.15,18.36,56118000000,17.53,38.37
MSFT,2022-06-30,198270000000,135620000000,83383000000,72738000000,364840000000,198298000000,166542000000,2749000000.0,47032000000.0,89035000000,23886000000,68.4,42.06,36.69,49781000000.0,13.64,43.68,19.94,65149000000,17.96,18.72
MSFT,2023-06-30,211915000000,146052000000,88523000000,72361000000,411976000000,205753000000,206223000000,5247000000.0,41990000000.0,87582000000,28107000000,68.92,41.77,34.15,47237000000.0,11.47,35.09,17.56,59475000000,6.88,-0.52
MSFT,2024-06-30,245122000000,171008000000,109433000000,88136000000,512163000000,243686000000,268477000000,8942000000.0,42688000000.0,118548000000,44477000000,69.76,44.64,35.96,51630000000.0,10.08,32.83,17.21,74071000000,15.67,21.8
MSFT,2025-06-30,281724000000,193893000000,128528000000,101832000000,619003000000,275524000000,343479000000,2999000000.0,40152000000.0,136162000000,64551000000,68.82,45.62,36.15,43151000000.0,6.97,29.65,16.45,71611000000,14.93,15.54
MSFT,2026-06-30,331839000000,225465000000,155237000000,133749000000,758376000000,315989000000,442387000000,18905300000.0,31067000000.0,182935000000,115948000000,67.94,46.78,40.31,49972300000.0,6.59,30.23,17.64,66987000000,17.79,31.34
